title,link,contentSnippet,isoDate,image
BTPN Bongkar Manfaat Digitalisasi: Pinjam Dana Cukup 30 Menit,https://www.cnnindonesia.com/teknologi/20231109191358-185-1022204/btpn-bongkar-manfaat-digitalisasi-pinjam-dana-cukup-30-menit,PT Bank BTPN mengungkap salah satu manfaat digitalisasi di sektor perbankan adalah mempermudah proses pencairan dana pinjaman hanya dalam waktu 30 menit.,2023-11-09 13:33:20+00:00,"{'small': 'https://akcdn.detik.net.id/visual/2023/11/09/darmadi-sutanto-1_169.jpeg?w=360&q=90', 'large': 'https://akcdn.detik.net.id/visual/2023/11/09/darmadi-sutanto-1_169.jpeg?w=360&q=100'}"
Menkominfo Tegaskan Jaringan Internet di IKN Harus 5G,https://www.cnnindonesia.com/teknologi/20231109192412-213-1022207/menkominfo-tegaskan-jaringan-internet-di-ikn-harus-5g,Menurut Menkominfo Budi Arie Setiadi IKN akan menjadi smart city yang semuanya berbasis digital dan teknologi. Karenanya butuh jaringan internet yang ngebut.,2023-11-09 13:20:35+00:00,"{'small': 'https://akcdn.detik.net.id/visual/2023/11/09/budi-arie-setiadi-di-acara-digital-creative-leadership-forum_169.jpeg?w=360&q=90', 'large': 'https://akcdn.detik.net.id/visual/2023/11/09/budi-arie-setiadi-di-acara-digital-creative-leadership-forum_169.jpeg?w=360&q=100'}"
BAKTI Ungkap 1 Faktor di Luar Kuasa Buat Sebar Internet ke Pelosok,https://www.cnnindonesia.com/teknologi/20231109171655-192-1022137/bakti-ungkap-1-faktor-di-luar-kuasa-buat-sebar-internet-ke-pelosok,Badan Aksesibilitas Telekomunikasi dan Informasi (BAKTI) Kominfo menanti pasokan listrik untuk melakukan penyebaran internet di pelosok.,2023-11-09 13:14:05+00:00,"{'small': 'https://akcdn.detik.net.id/visual/2023/11/09/dirut-bakti-kominfo-fadhila-matar-3_169.jpeg?w=360&q=90', 'large': 'https://akcdn.detik.net.id/visual/2023/11/09/dirut-bakti-kominfo-fadhila-matar-3_169.jpeg?w=360&q=100'}"
Bubble Burst Startup RI Diprediksi Hasilkan 'Blessing in Disguisse',https://www.cnnindonesia.com/teknologi/20231109165717-206-1022133/bubble-burst-startup-ri-diprediksi-hasilkan-blessing-in-disguisse,Fenomena bubble burst sempat dialami banyak startup di Indonesia diramalkan memberi manfaat terselubung. Simak penjelasan CEO BRI Ventures berikut.,2023-11-09 12:54:33+00:00,"{'small': 'https://akcdn.detik.net.id/visual/2023/11/09/digital-creative-4_169.jpeg?w=360&q=90', 'large': 'https://akcdn.detik.net.id/visual/2023/11/09/digital-creative-4_169.jpeg?w=360&q=100'}"
Zulhas Akui Tak Anti Asing Buntut Larangan S-Commerce dan Batasi Impor,https://www.cnnindonesia.com/teknologi/20231109183635-206-1022183/zulhas-akui-tak-anti-asing-buntut-larangan-s-commerce-dan-batasi-impor,"Zulhas menegaskan pemerintah tidak anti asing ihwal larangan e-commerce menjual berbagai produk impor di bawah Rp1,5 juta dan soal s-commerce.",2023-11-09 12:34:39+00:00,"{'small': 'https://akcdn.detik.net.id/visual/2023/11/09/zulkifli-hasan-8_169.jpeg?w=360&q=90', 'large': 'https://akcdn.detik.net.id/visual/2023/11/09/zulkifli-hasan-8_169.jpeg?w=360&q=100'}"
Akademisi Jawab Soal Mimpi Mahasiswa RI Berkarier di Luar Negeri,https://www.cnnindonesia.com/teknologi/20231109184441-199-1022185/akademisi-jawab-soal-mimpi-mahasiswa-ri-berkarier-di-luar-negeri,Para dosen dan praktisi teknologi menjawab soal fenomena kengganan mahasiswa atau peneliti RI pulang dan malah bermimpi berkarier di luar negeri.,2023-11-09 12:14:15+00:00,"{'small': 'https://akcdn.detik.net.id/visual/2023/11/09/dialog-panel-shaping-and-revolutionizing-indonesia-creative-industry-1_169.jpeg?w=360&q=90', 'large': 'https://akcdn.detik.net.id/visual/2023/11/09/dialog-panel-shaping-and-revolutionizing-indonesia-creative-industry-1_169.jpeg?w=360&q=100'}"
"Grab Akui Pionir Kendaraan Listrik, Pangkas 10 Ribu Ton Emisi",https://www.cnnindonesia.com/teknologi/20231109182516-641-1022175/grab-akui-pionir-kendaraan-listrik-pangkas-10-ribu-ton-emisi,Grab Indonesia mengungkap telah memangkas 10 ribu ton emisi karbon dari layanan penyediaan mobil listrik.,2023-11-09 11:43:08+00:00,"{'small': 'https://akcdn.detik.net.id/visual/2023/11/09/country-managing-director-grab-indonesia-neneng-goenadi-2_169.jpeg?w=360&q=90', 'large': 'https://akcdn.detik.net.id/visual/2023/11/09/country-managing-director-grab-indonesia-neneng-goenadi-2_169.jpeg?w=360&q=100'}"
Dirut BAKTI Kominfo Cerita Soal Keputusan Bangun Menara BTS 4G,https://www.cnnindonesia.com/teknologi/20231109165129-192-1022120/dirut-bakti-kominfo-cerita-soal-keputusan-bangun-menara-bts-4g,Direktur Utama Badan Aksesibilitas Telekomunikasi dan Informasi (BAKTI) Kominfo Fadhilah Mathar menceritakan soal keputusan pemerintah membangun menara BTS 4G,2023-11-09 11:21:49+00:00,"{'small': 'https://akcdn.detik.net.id/visual/2023/11/09/dirut-bakti-kominfo-fadhila-matar-1_169.jpeg?w=360&q=90', 'large': 'https://akcdn.detik.net.id/visual/2023/11/09/dirut-bakti-kominfo-fadhila-matar-1_169.jpeg?w=360&q=100'}"
BAKTI Ungkap Angka-angka Menjanjikan Imbas Transformasi Digital,https://www.cnnindonesia.com/teknologi/20231109140132-185-1022006/bakti-ungkap-angka-angka-menjanjikan-imbas-transformasi-digital,Direktur Utama BAKTI Kominfo Fadhilah Mathar mengatakan transformasi digital bisa membuat Compound Annual Growth Rate (CAGR) naik 1 persen.,2023-11-09 11:14:44+00:00,"{'small': 'https://akcdn.detik.net.id/visual/2023/11/09/dirut-bakti-kominfo-fadhila-matar_169.jpeg?w=360&q=90', 'large': 'https://akcdn.detik.net.id/visual/2023/11/09/dirut-bakti-kominfo-fadhila-matar_169.jpeg?w=360&q=100'}"
AI Jadi Kurikulum Wajib di Binus University,https://www.cnnindonesia.com/teknologi/20231109155519-185-1022089/ai-jadi-kurikulum-wajib-di-binus-university,Rektor Binus University Dr Nelly mengatakan kecerdasan buatan (AI) jadi kurikulum wajib di kampusnya sebagai bentuk adaptasi di era digital.,2023-11-09 10:16:26+00:00,"{'small': 'https://akcdn.detik.net.id/visual/2023/11/09/digital-creative-21_169.jpeg?w=360&q=90', 'large': 'https://akcdn.detik.net.id/visual/2023/11/09/digital-creative-21_169.jpeg?w=360&q=100'}"
"IKN Nusantara Bakal Didominasi Hutan, Cek Rincian Jenisnya",https://www.cnnindonesia.com/teknologi/20231109154542-199-1022083/ikn-nusantara-bakal-didominasi-hutan-cek-rincian-jenisnya,"Sebanyak 65 persen wilayah IKN Nusantara, yang berkonsep Smart City, diklaim bakal diisi oleh hutan tropis. Kok bisa?",2023-11-09 09:02:15+00:00,"{'small': 'https://akcdn.detik.net.id/visual/2023/08/23/progres-pembangunan-ikn-nusantara-4_169.jpeg?w=360&q=90', 'large': 'https://akcdn.detik.net.id/visual/2023/08/23/progres-pembangunan-ikn-nusantara-4_169.jpeg?w=360&q=100'}"
"Efek AI Buat Internet BAKTI, Efisienkan Pemeliharaan Jaringan",https://www.cnnindonesia.com/teknologi/20231109145532-192-1022051/efek-ai-buat-internet-bakti-efisienkan-pemeliharaan-jaringan,Direktur Utama BAKTI Kominfo Fadhilah Mathar mengatakan AI membawa pengaruh besar bagi layanan internet BAKTI.,2023-11-09 08:47:49+00:00,"{'small': 'https://akcdn.detik.net.id/visual/2023/11/09/dirut-bakti-kominfo-fadhila-matar_169.jpeg?w=360&q=90', 'large': 'https://akcdn.detik.net.id/visual/2023/11/09/dirut-bakti-kominfo-fadhila-matar_169.jpeg?w=360&q=100'}"
"Proyek Istana Presiden IKN Capai 50 Persen, Dikelilingi 20 Juta Pohon",https://www.cnnindonesia.com/teknologi/20231109150410-199-1022059/proyek-istana-presiden-ikn-capai-50-persen-dikelilingi-20-juta-pohon,Otorita Ibu Kota Nusantara (IKN) mengungkap pembangunan istana presiden di IKN sudah capai separuhnya.,2023-11-09 08:16:46+00:00,"{'small': 'https://akcdn.detik.net.id/visual/2023/11/02/istana-kepresidenan-di-ikn-1_169.jpeg?w=360&q=90', 'large': 'https://akcdn.detik.net.id/visual/2023/11/02/istana-kepresidenan-di-ikn-1_169.jpeg?w=360&q=100'}"
"Miota Bongkar Hasil 'Perkawinan' AI dan IoT, Cek Tantangannya",https://www.cnnindonesia.com/teknologi/20231109144130-185-1022036/miota-bongkar-hasil-perkawinan-ai-dan-iot-cek-tantangannya,"Setelah artificial intelligence (AI) yang bisa dianggap sebagai satu hal yang baru, kini muncul lagi Artificial Intelligence of Things (AIoT).",2023-11-09 08:01:17+00:00,"{'small': 'https://akcdn.detik.net.id/visual/2023/11/09/morshe-panjaitan-founder-ceo-pt-miota-internasional-2_169.jpeg?w=360&q=90', 'large': 'https://akcdn.detik.net.id/visual/2023/11/09/morshe-panjaitan-founder-ceo-pt-miota-internasional-2_169.jpeg?w=360&q=100'}"
Emak-emak Sekitar IKN Nusantara Bersiap Ucap 'Good Bye' Gaptek,https://www.cnnindonesia.com/teknologi/20231109140815-185-1022012/emak-emak-sekitar-ikn-nusantara-bersiap-ucap-good-bye-gaptek,"OIKN tak membiarkan masyarakat yang lama tinggal di sekitar IKN tak paham soal teknologi, terutama .",2023-11-09 07:51:36+00:00,"{'small': 'https://akcdn.detik.net.id/visual/2015/03/18/0ded63fa-3347-465f-a6f1-6cb6bf6441c8_169.jpg?w=360&q=90', 'large': 'https://akcdn.detik.net.id/visual/2015/03/18/0ded63fa-3347-465f-a6f1-6cb6bf6441c8_169.jpg?w=360&q=100'}"
Kepala Otorita: IKN Bakal Jadi Kota Netral Karbon Pertama di RI,https://www.cnnindonesia.com/teknologi/20231109142632-641-1022022/kepala-otorita-ikn-bakal-jadi-kota-netral-karbon-pertama-di-ri,Otorita Ibu Kota Nusantara (OIKN) menjanjikan Nusantara sebagai kota netral karbon pertama di Indonesia.,2023-11-09 07:37:17+00:00,"{'small': 'https://akcdn.detik.net.id/visual/2023/11/09/bambang-susantono-1_169.jpeg?w=360&q=90', 'large': 'https://akcdn.detik.net.id/visual/2023/11/09/bambang-susantono-1_169.jpeg?w=360&q=100'}"
BAKTI dan Diskominfo Papua Bersinergi Bawa Internet ke Pelosok Papua,https://www.cnnindonesia.com/teknologi/20231109134613-218-1021996/bakti-dan-diskominfo-papua-bersinergi-bawa-internet-ke-pelosok-papua,"Bakti Kominfo siap bersinergi dengan Diskominfo Papua untuk mengatasi kesenjangan infrastruktur telekomunikasi di Papua, khususnya di daerah 3T.",2023-11-09 07:28:36+00:00,"{'small': 'https://akcdn.detik.net.id/visual/2023/11/09/bakti-kominfo-1_169.jpeg?w=360&q=90', 'large': 'https://akcdn.detik.net.id/visual/2023/11/09/bakti-kominfo-1_169.jpeg?w=360&q=100'}"
Menkominfo Bongkar Tantangan Terbesar Indonesia Jadi Negara Digital,https://www.cnnindonesia.com/teknologi/20231109133037-185-1021990/menkominfo-bongkar-tantangan-terbesar-indonesia-jadi-negara-digital,Menkominfo Budi Arie Setiadi membongkar tantangan terbesar yang harus dihadapi demi mewujudkan transformasi digital di Indonesia. Simak paparannya.,2023-11-09 06:40:42+00:00,"{'small': 'https://akcdn.detik.net.id/visual/2023/11/09/budi-arie-setiadi-di-acara-digital-creative-leadership-forum-4_169.jpeg?w=360&q=90', 'large': 'https://akcdn.detik.net.id/visual/2023/11/09/budi-arie-setiadi-di-acara-digital-creative-leadership-forum-4_169.jpeg?w=360&q=100'}"
"IKN Mau Jadi Smart City, Miota Ungkap Peran Penting IoT",https://www.cnnindonesia.com/teknologi/20231109131701-185-1021969/ikn-mau-jadi-smart-city-miota-ungkap-peran-penting-iot,Konsep smart and sustainable forest city yang ditargetkan hadir di IKN bakal memadukan beragam IoT dengan hutan yang terproteksi. Sepenting apa IoT di IKN?,2023-11-09 06:28:31+00:00,"{'small': 'https://akcdn.detik.net.id/visual/2023/11/09/morshe-panjaitan-founder-ceo-pt-miota-internasional_169.jpeg?w=360&q=90', 'large': 'https://akcdn.detik.net.id/visual/2023/11/09/morshe-panjaitan-founder-ceo-pt-miota-internasional_169.jpeg?w=360&q=100'}"
BAKTI Kominfo Perjuangkan Internet Tak Cuma Buat Hiburan,https://www.cnnindonesia.com/teknologi/20231109125556-192-1021951/bakti-kominfo-perjuangkan-internet-tak-cuma-buat-hiburan,"BAKTI Kominfo kini tengah memperjuangkan intenet agar tak hanya dipakai untuk hiburan di daerah 3T, tapi juga hal-hal produktif.",2023-11-09 06:09:45+00:00,"{'small': 'https://akcdn.detik.net.id/visual/2023/11/09/dialog-panel-indonesia-digital-road-map-2_169.jpeg?w=360&q=90', 'large': 'https://akcdn.detik.net.id/visual/2023/11/09/dialog-panel-indonesia-digital-road-map-2_169.jpeg?w=360&q=100'}"
Pembangunan IKN Dapat Restu 13 Badan PBB,https://www.cnnindonesia.com/teknologi/20231109122617-199-1021926/pembangunan-ikn-dapat-restu-13-badan-pbb,Kepala Otorita IKN Bambang Susantono mengungkap restu pembangunan Nusantara dari lembaga-lembaga di bawah PBB.,2023-11-09 05:38:15+00:00,"{'small': 'https://akcdn.detik.net.id/visual/2023/11/09/bambang-susantono-3_169.jpeg?w=360&q=90', 'large': 'https://akcdn.detik.net.id/visual/2023/11/09/bambang-susantono-3_169.jpeg?w=360&q=100'}"
"Menkominfo Bicara Digitalisasi, Sorot Visi Indonesia Maju 2045",https://www.cnnindonesia.com/teknologi/20231109120646-185-1021917/menkominfo-bicara-digitalisasi-sorot-visi-indonesia-maju-2045,Menteri Komunikasi dan Informatika Budi Arie Setiadi menegaskan pemerintah berkomitmen mempercepat transformasi digital di berbagai sektor.,2023-11-09 05:14:08+00:00,"{'small': 'https://akcdn.detik.net.id/visual/2023/11/09/budi-arie-setiadi-di-acara-digital-creative-leadership-forum_169.jpeg?w=360&q=90', 'large': 'https://akcdn.detik.net.id/visual/2023/11/09/budi-arie-setiadi-di-acara-digital-creative-leadership-forum_169.jpeg?w=360&q=100'}"
Cara Blokir Nomor WhatsApp yang Tidak Ada di Kontak,https://www.cnnindonesia.com/teknologi/20231107143359-190-1021037/cara-blokir-nomor-whatsapp-yang-tidak-ada-di-kontak,Cara blokir WhatsApp yang tidak ada di kontak berikut bisa diterapkan oleh pengguna apabila mendapat pesan atau telepon yang dirasa mencurigakan.,2023-11-09 05:00:00+00:00,"{'small': 'https://akcdn.detik.net.id/visual/2021/07/14/ilustrasi-aplikasi-whatsapp_169.jpeg?w=360&q=90', 'large': 'https://akcdn.detik.net.id/visual/2021/07/14/ilustrasi-aplikasi-whatsapp_169.jpeg?w=360&q=100'}"
"Buka Leadership Forum, Menkominfo Ungkap Bukti Konkret Digitalisasi",https://www.cnnindonesia.com/teknologi/20231109103716-185-1021870/buka-leadership-forum-menkominfo-ungkap-bukti-konkret-digitalisasi,Menkominfo Budi Arie Setiadi membuka ajang Digital Creative Leadership Forum sambil memaparkan visi Indonesia Maju 2045.,2023-11-09 03:50:55+00:00,"{'small': 'https://akcdn.detik.net.id/visual/2023/07/20/menkominfo-budi-arie-8_169.jpeg?w=360&q=90', 'large': 'https://akcdn.detik.net.id/visual/2023/07/20/menkominfo-budi-arie-8_169.jpeg?w=360&q=100'}"
Pakar Matematika Pecahkan Misteri Asal-usul Sphinx Mesir,https://www.cnnindonesia.com/teknologi/20231108171351-199-1021665/pakar-matematika-pecahkan-misteri-asal-usul-sphinx-mesir,Sebuah studi menyajikan bukti yang menguatkan klaim ilmuwan 40 tahun lalu soal asal usul Sphinx. Simak faktanya.,2023-11-09 01:42:08+00:00,"{'small': 'https://akcdn.detik.net.id/visual/2020/04/16/0c08f6ac-630c-4c4b-a327-ffac4083624a_169.jpeg?w=360&q=90', 'large': 'https://akcdn.detik.net.id/visual/2020/04/16/0c08f6ac-630c-4c4b-a327-ffac4083624a_169.jpeg?w=360&q=100'}"
Indosat Tunjukkan Efek Langsung Sinyal Internet Buat Ekonomi,https://www.cnnindonesia.com/teknologi/20231109060019-213-1021794/indosat-tunjukkan-efek-langsung-sinyal-internet-buat-ekonomi,Indosat Digital Ecosystem (IDE) jadi bukti sinyal internet terkait langsung dengan peningkatan perekonomian warga.,2023-11-09 00:41:53+00:00,"{'small': 'https://akcdn.detik.net.id/visual/2021/07/28/ilustrasi-online-shop_169.jpeg?w=360&q=90', 'large': 'https://akcdn.detik.net.id/visual/2021/07/28/ilustrasi-online-shop_169.jpeg?w=360&q=100'}"
"Leadership Forum Digelar Hari ini, Bahas Industri Digital Hingga AI",https://www.cnnindonesia.com/teknologi/20231109045743-206-1021791/leadership-forum-digelar-hari-ini-bahas-industri-digital-hingga-ai,"Ajang berbagi ilmu industri kreatif hi-tech, Leadership Forum Digital Creative, hari ini, bakal menghadirkan para Menteri hingga sejumlah CEO.",2023-11-08 23:41:13+00:00,"{'small': 'https://akcdn.detik.net.id/visual/2023/11/01/promo-event-digital-creative-leadership-forum-3_169.jpeg?w=360&q=90', 'large': 'https://akcdn.detik.net.id/visual/2023/11/01/promo-event-digital-creative-leadership-forum-3_169.jpeg?w=360&q=100'}"
"Viral Jess No Limit Konten Gendong Anak Buat Adsense, Cek Faktanya",https://www.cnnindonesia.com/teknologi/20231108195558-192-1021741/viral-jess-no-limit-konten-gendong-anak-buat-adsense-cek-faktanya,Sebuah postingan yang menyebut YouTuber dan gamer Jess No Limit hanya bikin konten mengenai anaknya untuk dapat adsense di YouTube.,2023-11-08 14:05:58+00:00,"{'small': 'https://akcdn.detik.net.id/visual/2022/08/26/sisca-kohl-dan-jess-no-limit-2_169.png?w=360&q=90', 'large': 'https://akcdn.detik.net.id/visual/2022/08/26/sisca-kohl-dan-jess-no-limit-2_169.png?w=360&q=100'}"
Menkominfo Ajak Media Jaga Objektivitas dan Kualitas di Masa Pemilu 2024,https://www.cnnindonesia.com/teknologi/20231108192640-218-1021728/menkominfo-ajak-media-jaga-objektivitas-kualitas-di-masa-pemilu-2024,Menkominfo Budi Arie Setiadi mengajak media menjaga objektivitas dan kualitas untuk mendukung dan menyukseskan Pemilu Damai 2024.,2023-11-08 12:58:40+00:00,"{'small': 'https://akcdn.detik.net.id/visual/2023/11/08/bakti-kominfo_169.png?w=360&q=90', 'large': 'https://akcdn.detik.net.id/visual/2023/11/08/bakti-kominfo_169.png?w=360&q=100'}"
"Bakal Jadi Saingan Galaxy Fold 5, Apa Keunggulan Oppo Find N3?",https://www.cnnindonesia.com/teknologi/20231108154142-206-1021591/bakal-jadi-saingan-galaxy-fold-5-apa-keunggulan-oppo-find-n3,"Oppo segera merilis Oppo Find N3, saingan Samsung Galaxy Fold 5. Simak keunggulan Oppo Find N3 Fold yang segera rilis pekan depan.",2023-11-08 11:31:03+00:00,"{'small': 'https://akcdn.detik.net.id/visual/2023/11/06/oppo-find-n3-8_169.jpeg?w=360&q=90', 'large': 'https://akcdn.detik.net.id/visual/2023/11/06/oppo-find-n3-8_169.jpeg?w=360&q=100'}"
"Usai Dinyatakan Langgar Etik, Anwar Usman Trending Topic di Twitter",https://www.cnnindonesia.com/teknologi/20231108162712-192-1021625/usai-dinyatakan-langgar-etik-anwar-usman-trending-topic-di-twitter,Eks Ketua MK Anwar Usman jadi sorotan warganet usai dinyatakan melanggar kode etik berat. Simak cuitan warganet mengenai Anwar.,2023-11-08 10:01:13+00:00,"{'small': 'https://akcdn.detik.net.id/visual/2023/11/08/thumbnail-video_169.png?w=360&q=90', 'large': 'https://akcdn.detik.net.id/visual/2023/11/08/thumbnail-video_169.png?w=360&q=100'}"
FOTO: Kilauan Hasil Perburuan Materi Gelap Semesta Euclid,https://www.cnnindonesia.com/teknologi/20231108114339-201-1021427/foto-kilauan-hasil-perburuan-materi-gelap-semesta-euclid,"Teleskop Euclid, yang punya misi mencari bukti materi gelap pembentuk 95 persen semesta, mengungkap foto-foto awalnya sejak diluncurkan.",2023-11-08 08:24:55+00:00,"{'small': 'https://akcdn.detik.net.id/visual/2023/11/08/potret-alam-semesta-dari-teleskop-euclid-5_169.jpeg?w=360&q=90', 'large': 'https://akcdn.detik.net.id/visual/2023/11/08/potret-alam-semesta-dari-teleskop-euclid-5_169.jpeg?w=360&q=100'}"
"Meluncur Tahun Depan, Berikut Daftar Hp Xiaomi Dapat HyperOS",https://www.cnnindonesia.com/teknologi/20231108135703-206-1021501/meluncur-tahun-depan-berikut-daftar-hp-xiaomi-dapat-hyperos,"Xiaomi memastikan akan membawa UI terbaru mereka, HyperOS ke pasar global, termasuk Indonesia. Berikut daftar ponsel yang dapat HyperOS.",2023-11-08 07:04:04+00:00,"{'small': 'https://akcdn.detik.net.id/visual/2023/10/17/ilustrasi-hyperos_169.png?w=360&q=90', 'large': 'https://akcdn.detik.net.id/visual/2023/10/17/ilustrasi-hyperos_169.png?w=360&q=100'}"
Ramai-ramai Pengguna Uninstall Aplikasi Pemblokir Iklan YouTube,https://www.cnnindonesia.com/teknologi/20231108083330-192-1021345/ramai-ramai-pengguna-uninstall-aplikasi-pemblokir-iklan-youtube,Ribuan pengguna ramai-ramai menghapus fitur pemblokir iklan pada platform YouTube.,2023-11-08 05:47:00+00:00,"{'small': 'https://akcdn.detik.net.id/visual/2021/04/21/ilustrasi-youtube-6_169.jpeg?w=360&q=90', 'large': 'https://akcdn.detik.net.id/visual/2021/04/21/ilustrasi-youtube-6_169.jpeg?w=360&q=100'}"
Lubang Ozon 2023 Masuk 12 Besar Sepanjang Sejarah Bumi,https://www.cnnindonesia.com/teknologi/20231108075250-199-1021339/lubang-ozon-2023-masuk-12-besar-sepanjang-sejarah-bumi,Lubang ozon Antartika tahun 2023 mencapai ukuran maksimumnya sebesar 26 juta kilometer pada 21 September.,2023-11-08 04:17:15+00:00,"{'small': 'https://akcdn.detik.net.id/visual/2020/10/21/ilustrasi-lapisan-ozon_169.jpeg?w=360&q=90', 'large': 'https://akcdn.detik.net.id/visual/2020/10/21/ilustrasi-lapisan-ozon_169.jpeg?w=360&q=100'}"
"Baidu dan Alibaba Disebut Hapus Israel dari Peta Digital, Cek Faktanya",https://www.cnnindonesia.com/teknologi/20231108070334-185-1021325/baidu-dan-alibaba-disebut-hapus-israel-dari-peta-digital-cek-faktanya,"Dua perusahaan digital asal China, Baidu dan Alibaba dilaporkan menghapus Israel dari peta digitalnya. Berikut faktanya.",2023-11-08 02:50:01+00:00,"{'small': 'https://akcdn.detik.net.id/visual/2015/06/04/f2c404c1-cfed-48f0-9e53-fc410ce3ec69_169.jpg?w=360&q=90', 'large': 'https://akcdn.detik.net.id/visual/2015/06/04/f2c404c1-cfed-48f0-9e53-fc410ce3ec69_169.jpg?w=360&q=100'}"
Cara Melihat Direct Message Twitter yang Sudah Lama dengan Mudah,https://www.cnnindonesia.com/teknologi/20231027091604-190-1016567/cara-melihat-direct-message-twitter-yang-sudah-lama-dengan-mudah,Pengguna Twitter dapat mencoba cara melihat direct message Twitter yang sudah lama tanpa menggunakan aplikasi. Berikut langkahnya.,2023-11-08 01:50:42+00:00,"{'small': 'https://akcdn.detik.net.id/visual/2023/08/08/ilustrasi-logo-x-twitter-7_169.jpeg?w=360&q=90', 'large': 'https://akcdn.detik.net.id/visual/2023/08/08/ilustrasi-logo-x-twitter-7_169.jpeg?w=360&q=100'}"
Pakar Temukan Benua yang Hilang dari Indonesia,https://www.cnnindonesia.com/teknologi/20231108061459-199-1021307/pakar-temukan-benua-yang-hilang-dari-indonesia,Misteri tentang benua yang hilang seolah-olah lenyap 155 juta tahun lalu akhirnya terpecahkan. Simak penelitiannya.,2023-11-08 00:47:00+00:00,"{'small': 'https://akcdn.detik.net.id/visual/2022/12/01/ilustrasi-peta-indonesia_169.jpeg?w=360&q=90', 'large': 'https://akcdn.detik.net.id/visual/2022/12/01/ilustrasi-peta-indonesia_169.jpeg?w=360&q=100'}"
"El Nino Tak Melulu Bikin Kekeringan, Cek Beda Efek di Banyak Negara ",https://www.cnnindonesia.com/teknologi/20231107201800-641-1021251/el-nino-tak-melulu-bikin-kekeringan-cek-beda-efek-di-banyak-negara,Fenomena El Nino tak melulu memicu kekeringan seperti di Indonesia. Simak rincian efeknya di berbagai negara.,2023-11-07 23:40:41+00:00,"{'small': 'https://akcdn.detik.net.id/visual/2023/11/07/el-nino-la-nina_169.png?w=360&q=90', 'large': 'https://akcdn.detik.net.id/visual/2023/11/07/el-nino-la-nina_169.png?w=360&q=100'}"
FOTO: Selamat Datang di 'Kota Kabut' New Delhi,https://www.cnnindonesia.com/teknologi/20231107183054-201-1021177/foto-selamat-datang-di-kota-kabut-new-delhi,"Kualitas udara New Delhi, India, mencapai level berbahaya dalam enam hari berturut-turut. Simak penampakan pekatnya polusi udara di sana.",2023-11-07 14:00:28+00:00,"{'small': 'https://akcdn.detik.net.id/visual/2023/11/07/new-delhi-batasi-kendaraan-untuk-mengurangi-polusi-udara-6_169.jpeg?w=360&q=90', 'large': 'https://akcdn.detik.net.id/visual/2023/11/07/new-delhi-batasi-kendaraan-untuk-mengurangi-polusi-udara-6_169.jpeg?w=360&q=100'}"
Stiker WhatsApp Bocah Palestina Bersenjata Tuai Kecaman,https://www.cnnindonesia.com/teknologi/20231107190846-185-1021214/stiker-whatsapp-bocah-palestina-bersenjata-tuai-kecaman,"Meski sudah diubah, sticker WA bergambar bocah Palestina bersenjata telanjur menuai hujatan terhadap Meta yang dinilai bias.",2023-11-07 13:03:07+00:00,"{'small': 'https://akcdn.detik.net.id/visual/2014/10/07/7c3c75a8-ef7b-4b10-8220-a26444c27748_169.jpg?w=360&q=90', 'large': 'https://akcdn.detik.net.id/visual/2014/10/07/7c3c75a8-ef7b-4b10-8220-a26444c27748_169.jpg?w=360&q=100'}"
Otorita Buka-bukaan Soal Internet Tembus Hutan IKN,https://www.cnnindonesia.com/teknologi/20231107152137-213-1021078/otorita-buka-bukaan-soal-internet-tembus-hutan-ikn,"Ibu Kota Nusantara (IKN), yang disebut punya hutan yang terpoteksi, diklaim bakal didukung jaringan internet ngebut.",2023-11-07 11:51:54+00:00,"{'small': 'https://akcdn.detik.net.id/visual/2023/11/03/investasi-ikn-capai-rp45-triliun-5_169.jpeg?w=360&q=90', 'large': 'https://akcdn.detik.net.id/visual/2023/11/03/investasi-ikn-capai-rp45-triliun-5_169.jpeg?w=360&q=100'}"
"Samsung Galaxy M34 5G Resmi Meluncur di RI, Cek Spek dan Harganya",https://www.cnnindonesia.com/teknologi/20231107161546-206-1021112/samsung-galaxy-m34-5g-resmi-meluncur-di-ri-cek-spek-dan-harganya,"Samsung meluncurkan smartphone mid-range terbaru mereka, Galaxy M34 5G di Indonesia, Selasa (7/11). Simak daftar spek dan harganya di sini.",2023-11-07 10:51:06+00:00,"{'small': 'https://akcdn.detik.net.id/visual/2023/11/07/samsung-m34-5g-5_169.jpeg?w=360&q=90', 'large': 'https://akcdn.detik.net.id/visual/2023/11/07/samsung-m34-5g-5_169.jpeg?w=360&q=100'}"
Astronaut China 'Adu Balap' Tanam Sayur dengan Bumi,https://www.cnnindonesia.com/teknologi/20231107144122-199-1021052/astronaut-china-adu-balap-tanam-sayur-dengan-bumi,Astronaut China menanam sayuran di stasiun luar angkasa Tiangong demi kelangsungan eksplorasi manusia di antariksa.,2023-11-07 09:31:21+00:00,"{'small': 'https://akcdn.detik.net.id/visual/2017/10/17/1cd32dc8-4864-49e5-b99e-9fd9a2dcb697_169.jpg?w=360&q=90', 'large': 'https://akcdn.detik.net.id/visual/2017/10/17/1cd32dc8-4864-49e5-b99e-9fd9a2dcb697_169.jpg?w=360&q=100'}"
Telkomsel Respons Rencana Kominfo Kasih Insentif Buat Perluas 5G,https://www.cnnindonesia.com/teknologi/20231107144158-213-1021050/telkomsel-respons-rencana-kominfo-kasih-insentif-buat-perluas-5g,Telkomsel menjawab permintaan Kementerian Komunikasi dan Informatika mengenai rencana pemberian insentif untuk memperluas jaringan 5G.,2023-11-07 08:09:55+00:00,"{'small': 'https://akcdn.detik.net.id/visual/2022/11/04/ilustrasi-sinyal-telkomsel_169.jpeg?w=360&q=90', 'large': 'https://akcdn.detik.net.id/visual/2022/11/04/ilustrasi-sinyal-telkomsel_169.jpeg?w=360&q=100'}"
Pakar Ungkap Browser dan USB Jadi Jalur Serangan Siber Terbanyak,https://www.cnnindonesia.com/teknologi/20231107120943-192-1020942/pakar-ungkap-browser-dan-usb-jadi-jalur-serangan-siber-terbanyak,Studi terbaru menyebut serangan siber online banyak dilakukan lewat browser alias peramban.,2023-11-07 06:51:57+00:00,"{'small': 'https://akcdn.detik.net.id/visual/2022/09/12/ilustrasi-hacker-ilustrasi-serangan-siber-4_169.jpeg?w=360&q=90', 'large': 'https://akcdn.detik.net.id/visual/2022/09/12/ilustrasi-hacker-ilustrasi-serangan-siber-4_169.jpeg?w=360&q=100'}"
Cara Membalas Chat Grup WhatsApp secara Pribadi dengan Mudah,https://www.cnnindonesia.com/teknologi/20231030131443-190-1017649/cara-membalas-chat-grup-whatsapp-secara-pribadi-dengan-mudah,"Selain berbincang di grup, anggota juga dapat mencoba cara membalas chat grup WhatsApp secara pribadi dengan mudah. Simak langkahnya.",2023-11-07 06:39:48+00:00,"{'small': 'https://akcdn.detik.net.id/visual/2022/01/31/ilustrasi-handphone-1_169.jpeg?w=360&q=90', 'large': 'https://akcdn.detik.net.id/visual/2022/01/31/ilustrasi-handphone-1_169.jpeg?w=360&q=100'}"
Menkominfo: Satelit Tepat Untuk Percepatan Transformasi Digital di RI,https://www.cnnindonesia.com/teknologi/20231106185748-218-1020702/menkominfo-satelit-tepat-untuk-percepatan-transformasi-digital-di-ri,"Menkominfo Budi Arie Setiadi menyebut percepatan pemerataan konektivitas digital meliputi pembangunan BTS, Palapa Ring, dan SATRIA-1.",2023-11-07 06:06:46+00:00,"{'small': 'https://akcdn.detik.net.id/visual/2023/10/09/menteri-komunikasi-dan-informatika-menkominfo-budi-arie-setiadi-1_169.jpeg?w=360&q=90', 'large': 'https://akcdn.detik.net.id/visual/2023/10/09/menteri-komunikasi-dan-informatika-menkominfo-budi-arie-setiadi-1_169.jpeg?w=360&q=100'}"
"Transformasi Digital, Kunci Kominfo Dukung Pembangunan Smart City",https://www.cnnindonesia.com/teknologi/20231106190143-218-1020704/transformasi-digital-kunci-kominfo-dukung-pembangunan-smart-city,Transformasi digital menjadi kunci bagi Kementerian Komunikasi dan Informatika untuk mendukung target pembangunan 100 smart city.,2023-11-07 05:06:14+00:00,"{'small': 'https://akcdn.detik.net.id/visual/2018/11/19/27f7ba01-2ff6-49fd-a487-c6b9cd61e0c0_169.jpeg?w=360&q=90', 'large': 'https://akcdn.detik.net.id/visual/2018/11/19/27f7ba01-2ff6-49fd-a487-c6b9cd61e0c0_169.jpeg?w=360&q=100'}"
BRIN Klaim Terbukti Tak Main Politik,https://www.cnnindonesia.com/teknologi/20231107024545-199-1020770/brin-klaim-terbukti-tak-main-politik,"Meski punya Ketua Dewan Pengarah dari parpol, BRIN mengaku tidak terlibat politik Pemilu 2024.",2023-11-07 03:54:12+00:00,"{'small': 'https://akcdn.detik.net.id/visual/2023/09/05/laksana-tri-handoko_169.jpeg?w=360&q=90', 'large': 'https://akcdn.detik.net.id/visual/2023/09/05/laksana-tri-handoko_169.jpeg?w=360&q=100'}"
iPhone 15 Pro Max 'Gendong' Apple Hingga Capai Rekor ,https://www.cnnindonesia.com/teknologi/20231106123907-206-1020499/iphone-15-pro-max-gendong-apple-hingga-capai-rekor,"Peluncuran iPhone 15, khususnya varian Pro Max, diklaim membantu mendongkrak penjualan Apple pada kuartal ketiga tahun ini.",2023-11-07 02:54:11+00:00,"{'small': 'https://akcdn.detik.net.id/visual/2023/09/13/apple-resmi-rilis-iphone-15-7_169.jpeg?w=360&q=90', 'large': 'https://akcdn.detik.net.id/visual/2023/09/13/apple-resmi-rilis-iphone-15-7_169.jpeg?w=360&q=100'}"
"AI Bikin Kacau Berita, Buat Hoaks Hingga Meledek Orang Meninggal",https://www.cnnindonesia.com/teknologi/20231106142654-185-1020547/ai-bikin-kacau-berita-buat-hoaks-hingga-meledek-orang-meninggal,"Alih-alih memudahkan jurnalis membuat berita, AI Microsoft malah membuat berita makin kacau hingga melahirkan hoaks.",2023-11-07 01:54:16+00:00,"{'small': 'https://akcdn.detik.net.id/visual/2023/06/07/ilustrasi-artificial-intelligence-ilustrasi-ai-ilustrasi-kecerdasan-buatan_169.jpeg?w=360&q=90', 'large': 'https://akcdn.detik.net.id/visual/2023/06/07/ilustrasi-artificial-intelligence-ilustrasi-ai-ilustrasi-kecerdasan-buatan_169.jpeg?w=360&q=100'}"
"Akhir Masa Pancaroba, Jabodetabek Diprediksi Hujan Ringan Pekan Ini",https://www.cnnindonesia.com/teknologi/20231106174420-641-1020661/akhir-masa-pancaroba-jabodetabek-diprediksi-hujan-ringan-pekan-ini,BMKG memprakirakan hujan ringan bakal dominan mengguyur wilayah Jabodetabek hingga 12 November. Simak rinciannya.,2023-11-07 00:54:59+00:00,"{'small': 'https://akcdn.detik.net.id/visual/2022/02/18/ilustrasi-cuaca-buruk-6_169.jpeg?w=360&q=90', 'large': 'https://akcdn.detik.net.id/visual/2022/02/18/ilustrasi-cuaca-buruk-6_169.jpeg?w=360&q=100'}"
"Hujan Deras Bikin Udara Jakarta Membaik, Simak Penjelasan Pakar",https://www.cnnindonesia.com/teknologi/20231106210214-641-1020743/hujan-deras-bikin-udara-jakarta-membaik-simak-penjelasan-pakar,Polusi udara Jakarta mengalami penurunan usai hujan di akhir pekan. Bagaimana bisa?,2023-11-06 23:54:46+00:00,"{'small': 'https://akcdn.detik.net.id/visual/2023/10/01/kabut-polusi-di-jakarta_169.jpeg?w=360&q=90', 'large': 'https://akcdn.detik.net.id/visual/2023/10/01/kabut-polusi-di-jakarta_169.jpeg?w=360&q=100'}"
"Oppo Bocorkan Find N3, Ponsel Lipat Saingan Samsung Fold",https://www.cnnindonesia.com/teknologi/20231106202324-206-1020734/oppo-bocorkan-find-n3-ponsel-lipat-saingan-samsung-fold,"Penampakan Oppo Find N3, potensial saingan Samsung Galaxy Fold, dibocorkan ke publik. Intip spesifikasinya.",2023-11-06 14:29:47+00:00,"{'small': 'https://akcdn.detik.net.id/visual/2023/11/06/oppo-find-n3-6_169.jpeg?w=360&q=90', 'large': 'https://akcdn.detik.net.id/visual/2023/11/06/oppo-find-n3-6_169.jpeg?w=360&q=100'}"
"Periode Buruk Meta, 'Erosi' Pengguna Landa Facebook, IG, dan Threads ",https://www.cnnindonesia.com/teknologi/20231106194034-185-1020714/periode-buruk-meta-erosi-pengguna-landa-facebook-ig-dan-threads,Medsos-medsos milik Meta kompak alami penurunan pengguna pada kuartal III 2023. Simak rincian angka-angkanya berikut.,2023-11-06 13:29:29+00:00,"{'small': 'https://akcdn.detik.net.id/visual/2021/10/29/logo-meta-5_169.jpeg?w=360&q=90', 'large': 'https://akcdn.detik.net.id/visual/2021/10/29/logo-meta-5_169.jpeg?w=360&q=100'}"
Menkominfo Buka Pintu Gandeng Media Wujudkan Pemilu 2024 Damai dan Sejuk,https://www.cnnindonesia.com/teknologi/20231106184956-218-1020698/menkominfo-buka-pintu-gandeng-media-wujudkan-pemilu-2024-damai-sejuk,Menkominfo Budi Arie Setiadi mengatakan potensi kerja sama dengan media merupakan langkah penting untuk menyuarakan Pemilu 2024 yang damai dan sejuk.,2023-11-06 12:40:56+00:00,"{'small': 'https://akcdn.detik.net.id/visual/2023/10/20/menkominfo-budi-arie-setiadi_169.jpeg?w=360&q=90', 'large': 'https://akcdn.detik.net.id/visual/2023/10/20/menkominfo-budi-arie-setiadi_169.jpeg?w=360&q=100'}"
NASA Pamerkan Bukti Kehidupan dari Asteroid,https://www.cnnindonesia.com/teknologi/20231106182432-199-1020692/nasa-pamerkan-bukti-kehidupan-dari-asteroid,NASA memamerkan sampel Asteroid Bennu yang disebut mengandung unsur-unsur pembentuk kehidupan. Simak penjelasannya.,2023-11-06 12:29:13+00:00,"{'small': 'https://akcdn.detik.net.id/visual/2023/10/12/sample-material-asteroid-bennu_169.png?w=360&q=90', 'large': 'https://akcdn.detik.net.id/visual/2023/10/12/sample-material-asteroid-bennu_169.png?w=360&q=100'}"
"Viral Langit Jogja 'Bolong' di Citra Radar Cuaca, Cek Penjelasan BMKG",https://www.cnnindonesia.com/teknologi/20231106150620-641-1020570/viral-langit-jogja-bolong-di-citra-radar-cuaca-cek-penjelasan-bmkg,Sebuah foto citra radar cuaca dari BMKG yang menunjukkan langit Yogyakarta seolah-olah bolong viral di media sosial. Benarkah DIY tak tersentuh hujan?,2023-11-06 09:40:14+00:00,"{'small': 'https://akcdn.detik.net.id/visual/2017/12/16/ebf4b970-3838-441f-89c3-c4e61cf9f93f_169.jpg?w=360&q=90', 'large': 'https://akcdn.detik.net.id/visual/2017/12/16/ebf4b970-3838-441f-89c3-c4e61cf9f93f_169.jpg?w=360&q=100'}"
"WhatsApp Segera Luncurkan Verifikasi Email, Cek Fungsinya",https://www.cnnindonesia.com/teknologi/20231106121015-185-1020483/whatsapp-segera-luncurkan-verifikasi-email-cek-fungsinya,WhatsApp dikabarkan bakal segera meluncurkan pembaruan yang memungkinkan pengguna bisa memverifikasi akun lewat email.,2023-11-06 07:17:15+00:00,"{'small': 'https://akcdn.detik.net.id/visual/2022/03/02/ilustrasi-whatsapp-3_169.jpeg?w=360&q=90', 'large': 'https://akcdn.detik.net.id/visual/2022/03/02/ilustrasi-whatsapp-3_169.jpeg?w=360&q=100'}"
Ahli Ungkap Penjajahan Israel Bikin Krisis Iklim Palestina Makin Ngeri,https://www.cnnindonesia.com/teknologi/20231106110438-641-1020446/ahli-ungkap-penjajahan-israel-bikin-krisis-iklim-palestina-makin-ngeri,Para pakar mengungkap bahwa agresi Israel ke Jalur Gaza di Palestina telah memperburuk kondisi krisis iklim. Simak penjelasannya.,2023-11-06 05:48:50+00:00,"{'small': 'https://akcdn.detik.net.id/visual/2023/11/06/tentara-israel-terus-menggempur-gaza-di-tengah-kecaman-dunia-3_169.jpeg?w=360&q=90', 'large': 'https://akcdn.detik.net.id/visual/2023/11/06/tentara-israel-terus-menggempur-gaza-di-tengah-kecaman-dunia-3_169.jpeg?w=360&q=100'}"
Ahli Pecahkan Misteri Tubuh Aneh Bintang Laut,https://www.cnnindonesia.com/teknologi/20231106094157-199-1020382/ahli-pecahkan-misteri-tubuh-aneh-bintang-laut,Para ilmuwan berhasil mengungkap misteri bentuk tubuh aneh bintang laut. Simak hasil penelitiannya di sini.,2023-11-06 04:17:16+00:00,"{'small': 'https://akcdn.detik.net.id/visual/2015/05/21/b6577c87-1a61-40b9-b474-ccddf1fc678c_169.jpg?w=360&q=90', 'large': 'https://akcdn.detik.net.id/visual/2015/05/21/b6577c87-1a61-40b9-b474-ccddf1fc678c_169.jpg?w=360&q=100'}"
BMKG Ungkap Buoy Jawa 'Almarhum' di Tengah Ancaman Tsunami Dahsyat,https://www.cnnindonesia.com/teknologi/20231106073703-199-1020347/bmkg-ungkap-buoy-jawa-almarhum-di-tengah-ancaman-tsunami-dahsyat,BMKG mengungkap sistem deteksi tsunami buoy di Pulau Jawa sudah tak lagi bisa diandalkan lantaran sudah tidak beroperasi.,2023-11-06 02:46:59+00:00,"{'small': 'https://akcdn.detik.net.id/visual/2021/06/05/buoy-yang-dipasang-bppt_169.jpeg?w=360&q=90', 'large': 'https://akcdn.detik.net.id/visual/2021/06/05/buoy-yang-dipasang-bppt_169.jpeg?w=360&q=100'}"
Pakar Bongkar Asal-usul Asteroid Dekat Bumi,https://www.cnnindonesia.com/teknologi/20231106071626-199-1020343/pakar-bongkar-asal-usul-asteroid-dekat-bumi,Para astronom menemukan lebih banyak bukti kalau asteroid dekat Bumi merupakan bongkahan Bulan yang terpecah.,2023-11-06 01:47:04+00:00,"{'small': 'https://akcdn.detik.net.id/visual/2021/04/19/ilustrasi-asteroid_169.jpeg?w=360&q=90', 'large': 'https://akcdn.detik.net.id/visual/2021/04/19/ilustrasi-asteroid_169.jpeg?w=360&q=100'}"
Cara Membuat Daftar Pustaka di Word secara Otomatis dan Rapi,https://www.cnnindonesia.com/teknologi/20231101140036-190-1018644/cara-membuat-daftar-pustaka-di-word-secara-otomatis-dan-rapi,Cara membuat daftar pustaka di Word bisa menggunakan fitur otomatis supaya praktis dan hasilnya jadi rapi. Simak langkahnya.,2023-11-06 01:05:40+00:00,"{'small': 'https://akcdn.detik.net.id/visual/2020/07/30/microsoft-word-1_169.jpeg?w=360&q=90', 'large': 'https://akcdn.detik.net.id/visual/2020/07/30/microsoft-word-1_169.jpeg?w=360&q=100'}"
"Elon Musk Pamer Chatbot AI yang Hobi Bercanda, Klaim Ungguli Chat GPT",https://www.cnnindonesia.com/teknologi/20231106064806-185-1020334/elon-musk-pamer-chatbot-ai-yang-hobi-bercanda-klaim-ungguli-chat-gpt,Elon Musk memperkenalkan kecerdasan buatan miliknya berupa chatbot AI bernama Grok yang suka bercanda. Simak keunggulannya.,2023-11-06 00:47:00+00:00,"{'small': 'https://akcdn.detik.net.id/visual/2022/11/17/elon-musk_169.jpeg?w=360&q=90', 'large': 'https://akcdn.detik.net.id/visual/2022/11/17/elon-musk_169.jpeg?w=360&q=100'}"
BMKG Peringatkan Megathrust Selatan Jawa Bakal Ada Sampai Kiamat,https://www.cnnindonesia.com/teknologi/20231106061407-199-1020327/bmkg-peringatkan-megathrust-selatan-jawa-bakal-ada-sampai-kiamat,BMKG memperingatkan zona megathrust yang bisa menjadi pemicu tsunami dahsyat di selatan Pulau Jawa akan terus ada sampai kapan pun.,2023-11-05 23:47:08+00:00,"{'small': 'https://akcdn.detik.net.id/visual/2019/08/03/30ea3e27-5ada-414b-8932-e6817f25fe18_169.jpeg?w=360&q=90', 'large': 'https://akcdn.detik.net.id/visual/2019/08/03/30ea3e27-5ada-414b-8932-e6817f25fe18_169.jpeg?w=360&q=100'}"
Pakar Ungkap Peradaban Manusia yang Paling Bertahan Lama,https://www.cnnindonesia.com/teknologi/20230530150347-199-955836/pakar-ungkap-peradaban-manusia-yang-paling-bertahan-lama,"Para pakar mengungkap peradaban yang paling lama bertahan, apakah Mesir, China atau Mesopotamia.",2023-11-05 02:54:25+00:00,"{'small': 'https://akcdn.detik.net.id/visual/2017/08/28/95287818-c79d-4f42-bc28-b8fa0eeed388_169.jpg?w=360&q=90', 'large': 'https://akcdn.detik.net.id/visual/2017/08/28/95287818-c79d-4f42-bc28-b8fa0eeed388_169.jpg?w=360&q=100'}"
"Daftar Kuota Internet Medsos Harian Murah, Cek Rincian Harganya",https://www.cnnindonesia.com/teknologi/20231103171600-213-1019750/daftar-kuota-internet-medsos-harian-murah-cek-rincian-harganya,Beberapa operator seluler merilis paket internet khusus medsos yang berlaku harian bahkan jam-jaman. Murah parah!,2023-11-05 01:54:37+00:00,"{'small': 'https://akcdn.detik.net.id/visual/2014/12/03/1b772aa8-9fff-484a-a413-0beafb3a75b5_169.jpg?w=360&q=90', 'large': 'https://akcdn.detik.net.id/visual/2014/12/03/1b772aa8-9fff-484a-a413-0beafb3a75b5_169.jpg?w=360&q=100'}"
4 Bukti Meta dan Medsosnya Tak Netral di Konflik Israel-Palestina,https://www.cnnindonesia.com/teknologi/20231105064028-185-1020104/4-bukti-meta-dan-medsosnya-tak-netral-di-konflik-israel-palestina,"Meta, perusahaan yang menaungi Facebook, Instagram, WhatsApp, menunjukkan kecenderungan memihak Israel. Berikut contoh-contoh kasusnya.",2023-11-05 00:54:07+00:00,"{'small': 'https://akcdn.detik.net.id/visual/2021/10/29/logo-meta-4_169.jpeg?w=360&q=90', 'large': 'https://akcdn.detik.net.id/visual/2021/10/29/logo-meta-4_169.jpeg?w=360&q=100'}"
Cara 'Kejam' Asteroid Bikin Dinosaurus Punah Perlahan,https://www.cnnindonesia.com/teknologi/20231102152101-199-1019194/cara-kejam-asteroid-bikin-dinosaurus-punah-perlahan,Punahnya dinosaurus tak secara langsung akibat bombardir asteroid. Studi terbaru mengungkap tabrakan benda langit memutus rantai makanan.,2023-11-04 23:54:19+00:00,"{'small': 'https://akcdn.detik.net.id/visual/2015/02/03/ede45b9a-ae1e-42fd-90c8-8ee0704ad165_169.jpg?w=360&q=90', 'large': 'https://akcdn.detik.net.id/visual/2015/02/03/ede45b9a-ae1e-42fd-90c8-8ee0704ad165_169.jpg?w=360&q=100'}"
"VIDEO: Aksi ""Banjir' Bendera Palestina Pengguna Roblox",https://www.cnnindonesia.com/teknologi/20231104121600-189-1019949/video-aksi-banjir-bendera-palestina-pengguna-roblox,Aksi demo mendukung kebebasan Palestina juga menggema di platform game Roblox.,2023-11-04 05:42:00+00:00,"{'small': 'https://akcdn.detik.net.id/visual/2023/11/04/thumbnail-video-2_169.jpeg?w=360&q=90', 'large': 'https://akcdn.detik.net.id/visual/2023/11/04/thumbnail-video-2_169.jpeg?w=360&q=100'}"
"Orang Tua Gampang Termakan Hoaks, Apa Usaha Kominfo?",https://www.cnnindonesia.com/teknologi/20231104074420-192-1019902/orang-tua-gampang-termakan-hoaks-apa-usaha-kominfo,Berbagai survei dan pakar mengungkap segmen usia yang paling gampang nyebar hoaks adalah orang tua. Cek usaha Kominfo menanganinya.,2023-11-04 02:51:53+00:00,"{'small': 'https://akcdn.detik.net.id/visual/2015/04/01/859ad28a-cff0-4f01-a7cc-c73db5776624_169.jpg?w=360&q=90', 'large': 'https://akcdn.detik.net.id/visual/2015/04/01/859ad28a-cff0-4f01-a7cc-c73db5776624_169.jpg?w=360&q=100'}"
"Mengenal Paltel, Penyedia Layanan Internet Palestina Penentang Israel",https://www.cnnindonesia.com/teknologi/20231102140844-213-1019120/mengenal-paltel-penyedia-layanan-internet-palestina-penentang-israel,"Paltel, perusahaan telekomunikasi terbesar di Gaza dengan saham gabungan publik, berjuang untuk memulihkan komunikasi warga yang dikepung Israel.",2023-11-04 01:51:26+00:00,"{'small': 'https://akcdn.detik.net.id/visual/2021/05/10/warga-palestina-kirim-serangan-balon-api-di-perbatasan-israel-2_169.jpeg?w=360&q=90', 'large': 'https://akcdn.detik.net.id/visual/2021/05/10/warga-palestina-kirim-serangan-balon-api-di-perbatasan-israel-2_169.jpeg?w=360&q=100'}"
Kapan Jakarta Mulai Musim Hujan?,https://www.cnnindonesia.com/teknologi/20231104061604-641-1019894/kapan-jakarta-mulai-musim-hujan,"DKI Jakarta tak lama lagi diprediksi bakal kedatangan musim hujan. Namun, prosesnya bertahap tergantung wilayah. Berikut rinciannya.",2023-11-04 00:51:19+00:00,"{'small': 'https://akcdn.detik.net.id/visual/2022/12/28/hujan-deras-dan-angin-kencang-terjang-sejumlah-wilayah-jakarta_169.jpeg?w=360&q=90', 'large': 'https://akcdn.detik.net.id/visual/2022/12/28/hujan-deras-dan-angin-kencang-terjang-sejumlah-wilayah-jakarta_169.jpeg?w=360&q=100'}"
"Jabar-Jateng Diprediksi Kena Cuaca Ekstrem Akhir Pekan, Cek Alasannya",https://www.cnnindonesia.com/teknologi/20231104055638-641-1019893/jabar-jateng-diprediksi-kena-cuaca-ekstrem-akhir-pekan-cek-alasannya,"BMKG mengungkap daftar daerah yang potensial dilanda cuaca ekstrem hingga 9 November, termasuk Jabar. Simak rinciannya di sini.",2023-11-03 23:51:55+00:00,"{'small': 'https://akcdn.detik.net.id/visual/2019/12/11/516231bc-d5c6-430b-a650-ca2cb367969f_169.jpeg?w=360&q=90', 'large': 'https://akcdn.detik.net.id/visual/2019/12/11/516231bc-d5c6-430b-a650-ca2cb367969f_169.jpeg?w=360&q=100'}"
Menkominfo Buka Opsi Tak Perlu Lagi Menara BTS,https://www.cnnindonesia.com/teknologi/20231103175153-213-1019786/menkominfo-buka-opsi-tak-perlu-lagi-menara-bts,Menkominfo Budi Arie Setiadi menyinggung kemungkinan menara BTS tak lagi diperlukan. Apa syaratnya?,2023-11-03 13:50:56+00:00,"{'small': 'https://akcdn.detik.net.id/visual/2015/05/05/bf865edd-24bf-4f52-bf7b-6a831bd77cb8_169.jpg?w=360&q=90', 'large': 'https://akcdn.detik.net.id/visual/2015/05/05/bf865edd-24bf-4f52-bf7b-6a831bd77cb8_169.jpg?w=360&q=100'}"
"BSSN Bongkar Penyebab Bocor Data Pemerintah, Termasuk Software Bajakan",https://www.cnnindonesia.com/teknologi/20231103174353-192-1019775/bssn-bongkar-penyebab-bocor-data-pemerintah-termasuk-software-bajakan,BSSN mengungkap instansi pemerintah masih ada yang pakai software bajakan yang kemudian memicu kebocoran data.,2023-11-03 12:40:32+00:00,"{'small': 'https://akcdn.detik.net.id/visual/2022/09/12/ilustrasi-hacker-ilustrasi-serangan-siber-2_169.jpeg?w=360&q=90', 'large': 'https://akcdn.detik.net.id/visual/2022/09/12/ilustrasi-hacker-ilustrasi-serangan-siber-2_169.jpeg?w=360&q=100'}"
Cara Tak Terkecoh Deepfake seperti Kasus 'Jokowi' Ngomong Mandarin,https://www.cnnindonesia.com/teknologi/20231101155046-185-1018710/cara-tak-terkecoh-deepfake-seperti-kasus-jokowi-ngomong-mandarin,Deepfake seperti Jokowi berbahasa mandarin bikin banyak orang kena gocek di medsos. Simak cara agar tak terkecoh konten hasil polesan AI itu.,2023-11-03 11:30:01+00:00,"{'small': 'https://akcdn.detik.net.id/visual/2023/06/07/ilustrasi-artificial-intelligence-ilustrasi-ai-ilustrasi-kecerdasan-buatan-4_169.jpeg?w=360&q=90', 'large': 'https://akcdn.detik.net.id/visual/2023/06/07/ilustrasi-artificial-intelligence-ilustrasi-ai-ilustrasi-kecerdasan-buatan-4_169.jpeg?w=360&q=100'}"
WhatsApp Munculkan Sticker AI Bocah Bersenjata Respons 'Palestina',https://www.cnnindonesia.com/teknologi/20231103154957-185-1019704/whatsapp-munculkan-sticker-ai-bocah-bersenjata-respons-palestina,WhatsApp diduga condong memihak Israel usai menampilkan pencarian sticker AI dengan kata kunci Palestina berupa bocah memegang senapan.,2023-11-03 10:20:49+00:00,"{'small': 'https://akcdn.detik.net.id/visual/2022/03/02/ilustrasi-whatsapp-2_169.jpeg?w=360&q=90', 'large': 'https://akcdn.detik.net.id/visual/2022/03/02/ilustrasi-whatsapp-2_169.jpeg?w=360&q=100'}"
"Bentuk Satgas Anti Hoaks, Kominfo Wujudkan Pemilu 2024 yang Damai",https://www.cnnindonesia.com/teknologi/20231103162658-218-1019728/bentuk-satgas-anti-hoaks-kominfo-wujudkan-pemilu-2024-yang-damai,"Menkominfo Budi Arie menegaskan tak bakal pandang bulu untuk menindak pelaku penyebar hoaks terkait Pemilu 2024, sesuai peraturan yang berlaku.",2023-11-03 09:58:58+00:00,"{'small': 'https://akcdn.detik.net.id/visual/2023/11/02/kominfo-soal-hoaks-jelang-pemilu_169.jpeg?w=360&q=90', 'large': 'https://akcdn.detik.net.id/visual/2023/11/02/kominfo-soal-hoaks-jelang-pemilu_169.jpeg?w=360&q=100'}"
"Dunia Akui Potensi Bahaya Serius AI, Simak Respons RI",https://www.cnnindonesia.com/teknologi/20231103145301-192-1019651/dunia-akui-potensi-bahaya-serius-ai-simak-respons-ri,Para tokoh dunia masih berdebat soal potensi ekonomi dan keamanan pengembangan AI. Cek respons terhadap teknologi ini di RI.,2023-11-03 08:50:14+00:00,"{'small': 'https://akcdn.detik.net.id/visual/2023/06/07/ilustrasi-artificial-intelligence-ilustrasi-ai-ilustrasi-kecerdasan-buatan_169.jpeg?w=360&q=90', 'large': 'https://akcdn.detik.net.id/visual/2023/06/07/ilustrasi-artificial-intelligence-ilustrasi-ai-ilustrasi-kecerdasan-buatan_169.jpeg?w=360&q=100'}"
FOTO: Suhu Panas Buat Burung Bangau Anggap Tempat Singgah bak Rumah,https://www.cnnindonesia.com/teknologi/20231103130807-201-1019571/foto-suhu-panas-buat-burung-bangau-anggap-tempat-singgah-bak-rumah,Ratusan ribu burung bangau betah di tempat singgah di Hungaria di saat mereka mestinya sudah terbang lagi ke Afrika. Suhu Bumi yang makin panas jadi pemicunya.,2023-11-03 07:50:01+00:00,"{'small': 'https://akcdn.detik.net.id/visual/2023/11/03/migrasi-burung-bangau-di-hungaria_169.jpeg?w=360&q=90', 'large': 'https://akcdn.detik.net.id/visual/2023/11/03/migrasi-burung-bangau-di-hungaria_169.jpeg?w=360&q=100'}"
"Diblokir Kanada, Kaspersky Pertanyakan Bukti Risiko Keamanan",https://www.cnnindonesia.com/teknologi/20231103113842-192-1019529/diblokir-kanada-kaspersky-pertanyakan-bukti-risiko-keamanan,Pemerintah Kanada memblokir antivirus Kaspersky terkait kecurigaan soal privasi dan keamanan. Apa kata perusahaan?,2023-11-03 06:36:31+00:00,"{'small': 'https://akcdn.detik.net.id/visual/2022/09/30/ilustrasi-keamanan-siber_169.jpeg?w=360&q=90', 'large': 'https://akcdn.detik.net.id/visual/2022/09/30/ilustrasi-keamanan-siber_169.jpeg?w=360&q=100'}"
SATRIA-1 Jalani Sesi Integrasi dan Uji Segmen Sebelum Beroperasi Penuh,https://www.cnnindonesia.com/teknologi/20231101134008-218-1018629/satria-1-jalani-sesi-integrasi-dan-uji-segmen-sebelum-beroperasi-penuh,"SATRIA-1 milik BAKTI Kominfo bakal menjalani serangkaian tahapan sebelum beroperasi penuh, yakni sesi integrasi, pengujian segmen satelit, segmen ruas bumi",2023-11-03 05:50:35+00:00,"{'small': 'https://akcdn.detik.net.id/visual/2023/11/01/kominfo-2_169.jpeg?w=360&q=90', 'large': 'https://akcdn.detik.net.id/visual/2023/11/01/kominfo-2_169.jpeg?w=360&q=100'}"
Daftar Lengkap Wilayah Jabodetabek yang Diguyur Hujan Sepekan ke Depan,https://www.cnnindonesia.com/teknologi/20231103104047-641-1019495/daftar-lengkap-wilayah-jabodetabek-yang-diguyur-hujan-sepekan-ke-depan,Jabodetabek mulai basah di masa peralihan musim kemarau ke musim hujan. Berikut prakiraan lengkap cuaca hari ini hingga Rabu depan.,2023-11-03 03:55:37+00:00,"{'small': 'https://akcdn.detik.net.id/visual/2015/02/10/46b36854-4439-4271-bf31-d4477560c84f_169.jpg?w=360&q=90', 'large': 'https://akcdn.detik.net.id/visual/2015/02/10/46b36854-4439-4271-bf31-d4477560c84f_169.jpg?w=360&q=100'}"
Bumi Diprediksi Akan Lebih Cepat Panas dari Target,https://www.cnnindonesia.com/teknologi/20231102193655-641-1019349/bumi-diprediksi-akan-lebih-cepat-panas-dari-target,"Kenaikan suhu 1,5 derajat C, sesuai batas di Perjanjian Paris, diprakirakan akan terjadi lebih cepat sebelum 2030.",2023-11-03 01:49:58+00:00,"{'small': 'https://akcdn.detik.net.id/visual/2022/08/24/rekor-pencairan-gletser-rhone-selama-gelombang-panas-eropa-1_169.jpeg?w=360&q=90', 'large': 'https://akcdn.detik.net.id/visual/2022/08/24/rekor-pencairan-gletser-rhone-selama-gelombang-panas-eropa-1_169.jpeg?w=360&q=100'}"
Ahli Temukan Titik Lemah Situs Kemhan pada 667 User dan 37 Karyawan,https://www.cnnindonesia.com/teknologi/20231103005117-192-1019403/ahli-temukan-titik-lemah-situs-kemhan-pada-667-user-dan-37-karyawan,Analis mengungkap titik lemah situs Kementerian Pertahanan berupa kredensial atau pasangan username dan password sejumlah staf.,2023-11-03 00:49:32+00:00,"{'small': 'https://akcdn.detik.net.id/visual/2022/09/12/ilustrasi-hacker-ilustrasi-serangan-siber-1_169.jpeg?w=360&q=90', 'large': 'https://akcdn.detik.net.id/visual/2022/09/12/ilustrasi-hacker-ilustrasi-serangan-siber-1_169.jpeg?w=360&q=100'}"
6 Kenyataan Pahit saat El Nino Diprediksi Bertahan Hingga 2024,https://www.cnnindonesia.com/teknologi/20231103002718-641-1019402/6-kenyataan-pahit-saat-el-nino-diprediksi-bertahan-hingga-2024,El Nino diprakirakan masih akan aktif hingga tahun depan. BMKG mengungkap efek langsungnya buat masyarakat.,2023-11-02 23:49:19+00:00,"{'small': 'https://akcdn.detik.net.id/visual/2017/07/26/9fdae663-9510-4443-bca9-d50a33252da4_169.jpg?w=360&q=90', 'large': 'https://akcdn.detik.net.id/visual/2017/07/26/9fdae663-9510-4443-bca9-d50a33252da4_169.jpg?w=360&q=100'}"
'Black Widow' Gugat Perusahaan AI yang Kloning Suaranya ,https://www.cnnindonesia.com/teknologi/20231102172043-185-1019291/black-widow-gugat-perusahaan-ai-yang-kloning-suaranya,Scarlett Johansson menggugat perusahaan pengembang kecerdasan buatan (AI) lantaran mengkloning suaranya dalam promosi perusahaan tersebut.,2023-11-02 14:59:33+00:00,"{'small': 'https://akcdn.detik.net.id/visual/2019/04/11/e82427e9-596a-4a23-b20a-fb4f9fda982f_169.jpeg?w=360&q=90', 'large': 'https://akcdn.detik.net.id/visual/2019/04/11/e82427e9-596a-4a23-b20a-fb4f9fda982f_169.jpeg?w=360&q=100'}"
"AI Permudah Bikin Excel hingga Presentasi, Cek Harganya",https://www.cnnindonesia.com/teknologi/20231102185247-185-1019328/ai-permudah-bikin-excel-hingga-presentasi-cek-harganya,"Microsoft meluncurkan asisten digital baru dengan dukungan AI, 365 Copilot, yang bisa membantu pekerjaan di Excel hingga memudahkan membuat presentasi.",2023-11-02 14:01:46+00:00,"{'small': 'https://akcdn.detik.net.id/visual/2023/06/07/ilustrasi-artificial-intelligence-ilustrasi-ai-ilustrasi-kecerdasan-buatan-4_169.jpeg?w=360&q=90', 'large': 'https://akcdn.detik.net.id/visual/2023/06/07/ilustrasi-artificial-intelligence-ilustrasi-ai-ilustrasi-kecerdasan-buatan-4_169.jpeg?w=360&q=100'}"
"YouTube Diisukan Mau Jadi e-Commerce, Cek Respons Menkominfo",https://www.cnnindonesia.com/teknologi/20231102173555-192-1019306/youtube-diisukan-mau-jadi-e-commerce-cek-respons-menkominfo,Menkominfo Budi Arie Setiadi buka suara ihwal isu YouTube mau beralih jadi platform dagang online alias e-Commerce. Simak penjelasannya.,2023-11-02 13:04:02+00:00,"{'small': 'https://akcdn.detik.net.id/visual/2023/11/02/kominfo-soal-hoaks-jelang-pemilu-1_169.jpeg?w=360&q=90', 'large': 'https://akcdn.detik.net.id/visual/2023/11/02/kominfo-soal-hoaks-jelang-pemilu-1_169.jpeg?w=360&q=100'}"
"SATRIA-1 Berhasil Mengorbit, Kapan Mulai Beroperasi?",https://www.cnnindonesia.com/teknologi/20231102160416-213-1019223/satria-1-berhasil-mengorbit-kapan-mulai-beroperasi,Menteri Komunikasi dan Informatika Budi Arie Setiadi mengungkapkan jadwal SATRIA-1 mulai beroperasi. Berikut jadwalnya.,2023-11-02 12:03:35+00:00,"{'small': 'https://akcdn.detik.net.id/visual/2023/06/19/pelepasan-satelit-satria-1-ke-orbit_169.png?w=360&q=90', 'large': 'https://akcdn.detik.net.id/visual/2023/06/19/pelepasan-satelit-satria-1-ke-orbit_169.png?w=360&q=100'}"
Studi Ungkap Sering Pakai Hp Turunkan Jumlah Sperma,https://www.cnnindonesia.com/teknologi/20231102144936-199-1019164/studi-ungkap-sering-pakai-hp-turunkan-jumlah-sperma,Penelitian mengungkap kalau smarphone berpengaruh pada jumlah sperma pada pria. Cek rincian studinya di sini.,2023-11-02 11:00:01+00:00,"{'small': 'https://akcdn.detik.net.id/visual/2023/01/31/ilustrasi-hp-1_169.jpeg?w=360&q=90', 'large': 'https://akcdn.detik.net.id/visual/2023/01/31/ilustrasi-hp-1_169.jpeg?w=360&q=100'}"
"Cara Daftar Digital Creative, Forum Berbagi Ilmu Menteri Hingga CEO",https://www.cnnindonesia.com/teknologi/20231102161146-206-1019232/cara-daftar-digital-creative-forum-berbagi-ilmu-menteri-hingga-ceo,"Leadership Forum Digital Creative yang menampilkan para pimpinan lembaga dan perusahaan akan digelar di Kempinski, Jakarta, Kamis (9/11). Cek cara daftarnya.",2023-11-02 10:30:04+00:00,"{'small': 'https://akcdn.detik.net.id/visual/2023/11/01/promo-event-digital-creative-leadership-forum-2_169.jpeg?w=360&q=90', 'large': 'https://akcdn.detik.net.id/visual/2023/11/01/promo-event-digital-creative-leadership-forum-2_169.jpeg?w=360&q=100'}"
"Menkominfo Akui Netral di Pilpres, Janji Sikat Hoaks ke Semua Paslon",https://www.cnnindonesia.com/teknologi/20231102153155-192-1019209/menkominfo-akui-netral-di-pilpres-janji-sikat-hoaks-ke-semua-paslon,Menkominfo Budi Arie Setiadi mengklaim pihaknya bakal netral dalam menanggapi isu hoaks yang bertebaran saat Pemilu 2024.,2023-11-02 09:51:12+00:00,"{'small': 'https://akcdn.detik.net.id/visual/2023/11/02/kominfo-soal-hoaks-jelang-pemilu_169.jpeg?w=360&q=90', 'large': 'https://akcdn.detik.net.id/visual/2023/11/02/kominfo-soal-hoaks-jelang-pemilu_169.jpeg?w=360&q=100'}"
Intelijen Siber Ungkap Teknik Peretasan yang Diklaim Menimpa Kemenhan,https://www.cnnindonesia.com/teknologi/20231102145030-192-1019166/intelijen-siber-ungkap-teknik-peretasan-yang-diklaim-menimpa-kemenhan,Hacker mengklaim meretas data Kementerian Pertahanan RI dan menyebar datanya di darkweb. Benarkah klaim itu dan apa teknik peretasannya?,2023-11-02 08:41:38+00:00,"{'small': 'https://akcdn.detik.net.id/visual/2022/09/12/ilustrasi-hacker-ilustrasi-serangan-siber-7_169.jpeg?w=360&q=90', 'large': 'https://akcdn.detik.net.id/visual/2022/09/12/ilustrasi-hacker-ilustrasi-serangan-siber-7_169.jpeg?w=360&q=100'}"
FOTO: Beijing Kelabu Berselimut Kabut Polusi,https://www.cnnindonesia.com/teknologi/20231102081222-201-1018946/foto-beijing-kelabu-berselimut-kabut-polusi,"Polusi udara menyelimuti kota-kota besar China, termasuk Beijing dalam beberapa waktu terakhir. Polusi udara yang pekat membuat jarak pandang terbatas.",2023-11-02 06:45:15+00:00,"{'small': 'https://akcdn.detik.net.id/visual/2023/11/02/level-polusi-tertinggi-dan-menurunnya-jarak-pandang-di-beijing-6_169.jpeg?w=360&q=90', 'large': 'https://akcdn.detik.net.id/visual/2023/11/02/level-polusi-tertinggi-dan-menurunnya-jarak-pandang-di-beijing-6_169.jpeg?w=360&q=100'}"
Kanada Blokir WeChat dan Kaspersky,https://www.cnnindonesia.com/teknologi/20231102103134-192-1019020/kanada-blokir-wechat-dan-kaspersky,"Kanada memblokir dua platform dari China dan Rusia, WeChat dan antivirus Kaspersky. Apa pemicunya?",2023-11-02 05:45:01+00:00,"{'small': 'https://akcdn.detik.net.id/visual/2022/07/21/ilustrasi-hacker-ilustrasi-serangan-siber_169.jpeg?w=360&q=90', 'large': 'https://akcdn.detik.net.id/visual/2022/07/21/ilustrasi-hacker-ilustrasi-serangan-siber_169.jpeg?w=360&q=100'}"
BMKG Ungkap Rahasia Kupang Bertahan dari Gempa Kuat,https://www.cnnindonesia.com/teknologi/20231101064649-199-1018375/bmkg-ungkap-rahasia-kupang-bertahan-dari-gempa-kuat,"Gempa Magnitudo 6,3 tak membuat banyak kerusakan parah di sekitar NTT. Apa sebabnya?",2023-11-02 04:30:39+00:00,"{'small': 'https://akcdn.detik.net.id/visual/2019/11/16/b3e62e4b-2f8e-464f-baf0-ff9778ac6d64_169.jpeg?w=360&q=90', 'large': 'https://akcdn.detik.net.id/visual/2019/11/16/b3e62e4b-2f8e-464f-baf0-ff9778ac6d64_169.jpeg?w=360&q=100'}"
